<?xml version="1.0" encoding="UTF-8"?>
<module>
	<name>events</name>
	<version>1.0.0</version>
	<requirements>
		<minimum_version>3.1.0</minimum_version>
	</requirements>
	<description>
		<![CDATA[
			The Events module features everything you need to easily post events on your website. All you need to do is provide the content. Your visitors will be able to discuss your event and share it to friends via social networks.
			Some of the more advanced features:
			* scheduled publishing
			* advanced seo tweaking per article
			* comments with automatic spam detection
			* subscriptions
		]]>
	</description>
	<authors>
		<author>
			<name><![CDATA[Tijs Verkoyen]]></name>
			<url><![CDATA[http://www.sumocoders.be]]></url>
		</author>
		<author>
			<name><![CDATA[Sam Tubbax]]></name>
			<url><![CDATA[http://www.sumocoders.be]]></url>
		</author>
	</authors>
	<events>
		<event application="backend" name="after_add"><![CDATA[Triggered when an article is added.]]></event>
		<event application="backend" name="after_delete"><![CDATA[Triggered when an article is deleted.]]></event>
		<event application="backend" name="after_edit"><![CDATA[Triggered when an article is edited.]]></event>
		<event application="backend" name="after_add_category"><![CDATA[Triggered when a category is added.]]></event>
		<event application="backend" name="after_delete_category"><![CDATA[Triggered when a category is deleted.]]></event>
		<event application="backend" name="after_edit_category"><![CDATA[Triggered when a category is edited.]]></event>
		<event application="backend" name="after_edit_comment"><![CDATA[Triggered when a comment is edited.]]></event>
		<event application="backend" name="after_saved_settings"><![CDATA[Triggered when the settings are saved.]]></event>
		<event application="backend" name="after_add_category"><![CDATA[Triggered when a category is added.]]></event>
		<event application="frontend" name="after_add_comment"><![CDATA[Triggered when a comment is added.]]></event>
		<event application="frontend" name="after_add_subscription"><![CDATA[Triggered when a subscription is added.]]></event>
	</events>
</module>